img;Mask_RCNN_persons_80%
0.jpg;11
1.jpg;9
2.jpg;10
8.jpg;13
7.jpg;11
9.jpg;11
6.jpg;11
5.jpg;12
3.jpg;12
4.jpg;13
10.jpg;11
11.jpg;8
12.jpg;8
16.jpg;9
15.jpg;9
17.jpg;10
14.jpg;9
19.jpg;7
18.jpg;8
13.jpg;8
20.jpg;9
21.jpg;10
22.jpg;10
28.jpg;7
23.jpg;9
25.jpg;9
27.jpg;9
26.jpg;8
24.jpg;9
29.jpg;8
30.jpg;9
31.jpg;7
37.jpg;10
33.jpg;8
34.jpg;9
35.jpg;9
32.jpg;9
38.jpg;9
36.jpg;10
39.jpg;11
40.jpg;11
41.jpg;11
49.jpg;8
50.jpg;12
44.jpg;9
42.jpg;10
46.jpg;12
43.jpg;9
47.jpg;12
48.jpg;11
45.jpg;10
51.jpg;11
53.jpg;12
52.jpg;11
55.jpg;11
57.jpg;11
59.jpg;10
60.jpg;9
58.jpg;10
54.jpg;9
56.jpg;12
61.jpg;9
62.jpg;7
63.jpg;8
64.jpg;7
65.jpg;8
73.jpg;8
74.jpg;8
66.jpg;8
69.jpg;9
67.jpg;8
68.jpg;10
72.jpg;8
71.jpg;8
70.jpg;9
75.jpg;8
76.jpg;9
77.jpg;9
87.jpg;7
86.jpg;7
83.jpg;7
80.jpg;9
82.jpg;9
81.jpg;8
79.jpg;9
78.jpg;8
84.jpg;7
89.jpg;10
88.jpg;9
90.jpg;10
98.jpg;8
99.jpg;10
92.jpg;10
94.jpg;10
96.jpg;10
93.jpg;8
95.jpg;10
97.jpg;8
91.jpg;9
102.jpg;10
101.jpg;10
111.jpg;11
103.jpg;8
112.jpg;10
104.jpg;8
108.jpg;10
110.jpg;11
105.jpg;10
106.jpg;9
107.jpg;10
109.jpg;9
115.jpg;5
114.jpg;7
113.jpg;9
120.jpg;6
121.jpg;4
117.jpg;5
118.jpg;4
116.jpg;6
122.jpg;6
119.jpg;4
123.jpg;5
124.jpg;6
125.jpg;6
134.jpg;11
135.jpg;10
131.jpg;11
130.jpg;11
128.jpg;10
133.jpg;11
129.jpg;10
132.jpg;11
127.jpg;11
136.jpg;10
137.jpg;10
138.jpg;9
139.jpg;9
140.jpg;11
148.jpg;12
149.jpg;10
141.jpg;11
146.jpg;9
144.jpg;10
145.jpg;11
142.jpg;10
143.jpg;7
147.jpg;11
150.jpg;11
151.jpg;11
152.jpg;11
153.jpg;7
154.jpg;8
155.jpg;7
156.jpg;8
164.jpg;8
165.jpg;9
157.jpg;7
160.jpg;7
158.jpg;9
162.jpg;9
159.jpg;8
161.jpg;7
163.jpg;9
166.jpg;7
167.jpg;7
168.jpg;10
169.jpg;7
170.jpg;8
179.jpg;8
178.jpg;8
177.jpg;8
173.jpg;8
174.jpg;10
175.jpg;6
176.jpg;7
171.jpg;10
172.jpg;10
180.jpg;8
181.jpg;7
182.jpg;7
183.jpg;8
184.jpg;8
192.jpg;7
193.jpg;7
189.jpg;8
188.jpg;6
185.jpg;8
187.jpg;7
186.jpg;7
191.jpg;7
190.jpg;8
194.jpg;7
195.jpg;8
196.jpg;6
197.jpg;9
198.jpg;7
206.jpg;8
207.jpg;8
203.jpg;7
200.jpg;6
201.jpg;7
202.jpg;8
199.jpg;6
204.jpg;7
208.jpg;7
209.jpg;8
210.jpg;8
211.jpg;9
205.jpg;8
212.jpg;10
213.jpg;10
214.jpg;10
222.jpg;10
223.jpg;9
220.jpg;8
215.jpg;8
217.jpg;10
218.jpg;9
216.jpg;8
219.jpg;9
224.jpg;9
225.jpg;8
221.jpg;10
226.jpg;8
227.jpg;9
228.jpg;7
236.jpg;5
237.jpg;7
233.jpg;6
230.jpg;7
235.jpg;5
229.jpg;7
231.jpg;6
234.jpg;5
232.jpg;7
238.jpg;8
239.jpg;8
240.jpg;7
241.jpg;5
242.jpg;4
251.jpg;3
252.jpg;4
247.jpg;3
248.jpg;3
244.jpg;4
246.jpg;3
245.jpg;4
253.jpg;3
254.jpg;7
250.jpg;3
249.jpg;4
255.jpg;6
256.jpg;8
257.jpg;5
265.jpg;8
266.jpg;9
260.jpg;7
262.jpg;8
259.jpg;5
258.jpg;8
263.jpg;9
261.jpg;9
264.jpg;9
267.jpg;9
268.jpg;8
269.jpg;8
270.jpg;9
271.jpg;7
272.jpg;9
281.jpg;8
280.jpg;9
277.jpg;8
276.jpg;9
273.jpg;9
274.jpg;9
279.jpg;9
278.jpg;9
282.jpg;8
283.jpg;8
284.jpg;9
285.jpg;8
287.jpg;7
295.jpg;7
296.jpg;6
289.jpg;7
293.jpg;6
294.jpg;5
292.jpg;8
291.jpg;6
288.jpg;7
290.jpg;8
297.jpg;7
298.jpg;7
299.jpg;7
300.jpg;7
301.jpg;7
309.jpg;8
310.jpg;8
304.jpg;8
308.jpg;7
307.jpg;8
306.jpg;6
303.jpg;7
302.jpg;7
305.jpg;6
311.jpg;7
312.jpg;5
313.jpg;5
314.jpg;8
315.jpg;5
323.jpg;5
324.jpg;6
322.jpg;6
320.jpg;5
317.jpg;6
316.jpg;6
318.jpg;5
325.jpg;4
326.jpg;4
327.jpg;4
328.jpg;7
319.jpg;4
321.jpg;4
329.jpg;7
330.jpg;7
331.jpg;6
339.jpg;7
340.jpg;7
332.jpg;8
333.jpg;8
336.jpg;6
335.jpg;7
338.jpg;8
337.jpg;7
334.jpg;7
341.jpg;7
342.jpg;6
343.jpg;6
346.jpg;7
350.jpg;7
347.jpg;7
344.jpg;7
345.jpg;7
348.jpg;7
349.jpg;6
351.jpg;6
352.jpg;5
353.jpg;5
355.jpg;5
354.jpg;5
362.jpg;9
356.jpg;5
358.jpg;7
360.jpg;9
359.jpg;7
361.jpg;8
357.jpg;7
365.jpg;10
363.jpg;8
364.jpg;11
371.jpg;7
369.jpg;9
367.jpg;8
366.jpg;10
370.jpg;9
368.jpg;9
372.jpg;9
373.jpg;9
374.jpg;9
375.jpg;8
383.jpg;7
384.jpg;5
382.jpg;6
376.jpg;7
378.jpg;7
379.jpg;9
377.jpg;7
380.jpg;7
381.jpg;6
385.jpg;7
386.jpg;8
387.jpg;9
390.jpg;7
389.jpg;8
391.jpg;8
392.jpg;6
393.jpg;8
388.jpg;8
394.jpg;9
395.jpg;9
396.jpg;9
397.jpg;8
398.jpg;9
399.jpg;8
400.jpg;10
403.jpg;7
401.jpg;8
402.jpg;8
404.jpg;8
405.jpg;7
406.jpg;10
407.jpg;8
408.jpg;7
409.jpg;8
417.jpg;9
418.jpg;8
414.jpg;8
416.jpg;9
411.jpg;8
415.jpg;8
413.jpg;9
412.jpg;8
410.jpg;8
419.jpg;8
421.jpg;8
420.jpg;9
424.jpg;9
422.jpg;8
429.jpg;9
428.jpg;8
425.jpg;8
427.jpg;8
423.jpg;8
431.jpg;8
430.jpg;8
432.jpg;8
440.jpg;8
441.jpg;9
436.jpg;8
437.jpg;8
434.jpg;9
435.jpg;7
438.jpg;9
439.jpg;8
433.jpg;9
442.jpg;8
444.jpg;8
443.jpg;9
450.jpg;8
448.jpg;8
449.jpg;8
445.jpg;8
451.jpg;9
446.jpg;8
447.jpg;8
452.jpg;9
453.jpg;9
454.jpg;9
464.jpg;9
463.jpg;9
459.jpg;8
458.jpg;8
455.jpg;8
460.jpg;8
457.jpg;7
461.jpg;7
462.jpg;8
465.jpg;9
466.jpg;9
467.jpg;9
476.jpg;5
475.jpg;5
473.jpg;5
472.jpg;4
470.jpg;5
469.jpg;6
468.jpg;6
471.jpg;4
474.jpg;5
477.jpg;5
479.jpg;5
478.jpg;5
484.jpg;8
485.jpg;7
482.jpg;9
481.jpg;9
483.jpg;10
486.jpg;8
480.jpg;6
488.jpg;10
489.jpg;10
491.jpg;10
490.jpg;10
499.jpg;9
494.jpg;9
495.jpg;7
497.jpg;7
496.jpg;8
492.jpg;10
493.jpg;9
498.jpg;8
500.jpg;10
501.jpg;10
502.jpg;11
510.jpg;9
511.jpg;8
508.jpg;8
503.jpg;11
509.jpg;9
505.jpg;10
504.jpg;9
507.jpg;9
506.jpg;7
513.jpg;9
514.jpg;8
515.jpg;9
518.jpg;9
520.jpg;9
519.jpg;7
517.jpg;11
516.jpg;7
522.jpg;10
521.jpg;12
523.jpg;9
524.jpg;10
525.jpg;11
534.jpg;8
533.jpg;8
531.jpg;9
530.jpg;11
529.jpg;9
526.jpg;10
528.jpg;10
527.jpg;11
532.jpg;8
535.jpg;10
536.jpg;9
537.jpg;10
543.jpg;11
544.jpg;8
541.jpg;12
539.jpg;10
538.jpg;9
540.jpg;10
542.jpg;12
545.jpg;7
546.jpg;7
547.jpg;8
556.jpg;8
555.jpg;8
552.jpg;8
550.jpg;8
548.jpg;9
553.jpg;8
549.jpg;8
554.jpg;9
551.jpg;8
557.jpg;9
558.jpg;8
559.jpg;9
567.jpg;8
568.jpg;8
563.jpg;9
565.jpg;9
560.jpg;8
562.jpg;8
564.jpg;9
561.jpg;7
566.jpg;9
569.jpg;8
570.jpg;8
571.jpg;7
579.jpg;6
580.jpg;7
578.jpg;6
573.jpg;7
574.jpg;7
575.jpg;7
577.jpg;8
572.jpg;7
576.jpg;7
582.jpg;7
581.jpg;6
583.jpg;7
589.jpg;7
587.jpg;7
590.jpg;7
586.jpg;7
588.jpg;7
585.jpg;7
584.jpg;7
592.jpg;6
591.jpg;6
593.jpg;7
601.jpg;8
602.jpg;7
598.jpg;7
599.jpg;7
595.jpg;5
600.jpg;7
596.jpg;6
597.jpg;7
594.jpg;7
603.jpg;6
604.jpg;7
605.jpg;8
612.jpg;8
609.jpg;8
608.jpg;8
610.jpg;9
613.jpg;9
611.jpg;8
607.jpg;8
614.jpg;8
615.jpg;8
616.jpg;8
626.jpg;7
625.jpg;6
622.jpg;7
618.jpg;5
624.jpg;7
621.jpg;7
617.jpg;8
619.jpg;6
623.jpg;7
627.jpg;7
628.jpg;6
629.jpg;6
632.jpg;7
636.jpg;6
633.jpg;6
635.jpg;6
631.jpg;7
630.jpg;7
634.jpg;6
637.jpg;6
638.jpg;9
639.jpg;9
644.jpg;8
642.jpg;6
640.jpg;8
643.jpg;8
646.jpg;8
641.jpg;8
645.jpg;8
648.jpg;7
647.jpg;7
649.jpg;7
658.jpg;4
657.jpg;5
651.jpg;9
653.jpg;6
654.jpg;9
652.jpg;7
650.jpg;7
656.jpg;7
655.jpg;6
660.jpg;4
659.jpg;5
662.jpg;5
671.jpg;8
670.jpg;7
669.jpg;5
666.jpg;4
663.jpg;6
668.jpg;5
667.jpg;5
665.jpg;5
664.jpg;6
672.jpg;8
673.jpg;4
674.jpg;7
679.jpg;9
675.jpg;6
677.jpg;6
680.jpg;6
678.jpg;9
681.jpg;7
676.jpg;5
682.jpg;7
683.jpg;6
684.jpg;7
693.jpg;6
692.jpg;6
685.jpg;6
686.jpg;6
688.jpg;6
690.jpg;6
687.jpg;5
689.jpg;4
691.jpg;6
694.jpg;6
695.jpg;6
696.jpg;6
704.jpg;5
699.jpg;5
703.jpg;6
698.jpg;6
697.jpg;6
700.jpg;5
701.jpg;5
702.jpg;6
705.jpg;8
706.jpg;8
707.jpg;8
708.jpg;9
714.jpg;8
715.jpg;9
713.jpg;9
710.jpg;9
709.jpg;9
711.jpg;9
712.jpg;8
716.jpg;9
717.jpg;8
718.jpg;8
720.jpg;7
721.jpg;7
724.jpg;6
722.jpg;8
719.jpg;7
725.jpg;9
726.jpg;7
727.jpg;9
723.jpg;8
728.jpg;8
729.jpg;11
737.jpg;6
731.jpg;8
734.jpg;9
730.jpg;9
732.jpg;8
735.jpg;7
733.jpg;10
736.jpg;6
739.jpg;7
740.jpg;7
741.jpg;7
743.jpg;6
745.jpg;9
742.jpg;7
744.jpg;7
746.jpg;8
748.jpg;7
747.jpg;7
749.jpg;7
750.jpg;7
751.jpg;9
759.jpg;7
760.jpg;7
753.jpg;9
756.jpg;7
757.jpg;8
755.jpg;8
752.jpg;8
758.jpg;8
754.jpg;9
761.jpg;8
762.jpg;7
763.jpg;8
773.jpg;8
771.jpg;8
768.jpg;8
770.jpg;7
767.jpg;7
765.jpg;8
766.jpg;9
764.jpg;7
769.jpg;6
774.jpg;6
776.jpg;7
775.jpg;7
782.jpg;8
779.jpg;7
780.jpg;6
778.jpg;7
781.jpg;6
777.jpg;6
783.jpg;7
784.jpg;7
785.jpg;7
786.jpg;7
794.jpg;6
795.jpg;8
791.jpg;6
793.jpg;8
789.jpg;7
788.jpg;7
792.jpg;7
790.jpg;7
787.jpg;6
796.jpg;8
797.jpg;8
798.jpg;7
807.jpg;6
806.jpg;5
799.jpg;7
805.jpg;6
802.jpg;5
803.jpg;7
800.jpg;8
801.jpg;6
804.jpg;6
808.jpg;6
811.jpg;5
809.jpg;6
814.jpg;5
818.jpg;5
813.jpg;5
812.jpg;6
816.jpg;6
815.jpg;5
817.jpg;6
819.jpg;4
820.jpg;4
821.jpg;6
829.jpg;5
830.jpg;2
826.jpg;5
828.jpg;6
822.jpg;6
823.jpg;5
824.jpg;5
827.jpg;6
825.jpg;5
831.jpg;3
832.jpg;4
833.jpg;5
842.jpg;7
841.jpg;3
838.jpg;5
839.jpg;7
836.jpg;6
837.jpg;8
835.jpg;7
834.jpg;4
840.jpg;7
843.jpg;7
845.jpg;7
844.jpg;6
846.jpg;7
852.jpg;7
850.jpg;5
848.jpg;7
851.jpg;5
847.jpg;7
849.jpg;7
855.jpg;5
854.jpg;6
853.jpg;6
857.jpg;7
858.jpg;4
860.jpg;5
856.jpg;6
862.jpg;5
859.jpg;4
861.jpg;6
864.jpg;7
863.jpg;8
865.jpg;7
872.jpg;7
870.jpg;5
867.jpg;7
871.jpg;4
869.jpg;8
866.jpg;7
868.jpg;7
874.jpg;7
873.jpg;6
875.jpg;8
883.jpg;7
884.jpg;7
877.jpg;9
880.jpg;8
879.jpg;8
878.jpg;7
882.jpg;7
881.jpg;8
876.jpg;6
885.jpg;4
886.jpg;7
887.jpg;7
890.jpg;8
893.jpg;7
892.jpg;8
894.jpg;8
889.jpg;7
888.jpg;8
891.jpg;8
895.jpg;7
897.jpg;8
896.jpg;8
902.jpg;8
904.jpg;8
901.jpg;9
903.jpg;8
899.jpg;9
898.jpg;7
900.jpg;7
906.jpg;8
905.jpg;8
907.jpg;5
914.jpg;7
909.jpg;7
910.jpg;6
912.jpg;7
908.jpg;6
911.jpg;8
915.jpg;7
919.jpg;9
918.jpg;6
917.jpg;6
916.jpg;6
920.jpg;9
921.jpg;8
929.jpg;9
928.jpg;8
924.jpg;9
930.jpg;9
927.jpg;9
925.jpg;8
926.jpg;8
923.jpg;8
922.jpg;8
931.jpg;8
935.jpg;9
939.jpg;8
938.jpg;9
933.jpg;8
937.jpg;9
934.jpg;8
936.jpg;9
932.jpg;10
940.jpg;8
941.jpg;7
945.jpg;6
943.jpg;6
944.jpg;5
948.jpg;6
946.jpg;6
947.jpg;6
942.jpg;6
950.jpg;6
949.jpg;6
951.jpg;6
957.jpg;7
960.jpg;8
959.jpg;8
953.jpg;6
958.jpg;7
955.jpg;5
956.jpg;6
954.jpg;7
952.jpg;6
961.jpg;7
964.jpg;7
962.jpg;6
966.jpg;8
963.jpg;9
968.jpg;6
969.jpg;8
965.jpg;8
967.jpg;9
970.jpg;9
971.jpg;9
975.jpg;9
977.jpg;9
974.jpg;9
973.jpg;9
972.jpg;9
976.jpg;9
978.jpg;8
980.jpg;5
979.jpg;8
981.jpg;7
987.jpg;5
983.jpg;6
986.jpg;5
985.jpg;6
984.jpg;5
988.jpg;6
989.jpg;5
982.jpg;6
990.jpg;5
991.jpg;7
997.jpg;7
995.jpg;8
996.jpg;8
993.jpg;6
994.jpg;9
992.jpg;7
998.jpg;8
999.jpg;8
1000.jpg;8
1001.jpg;7
1007.jpg;7
1005.jpg;8
1002.jpg;6
1004.jpg;7
1008.jpg;7
1010.jpg;7
1006.jpg;7
1003.jpg;7
1009.jpg;7
1011.jpg;7
1019.jpg;8
1020.jpg;8
1013.jpg;7
1017.jpg;6
1012.jpg;7
1018.jpg;8
1014.jpg;7
1015.jpg;6
1016.jpg;8
1021.jpg;7
1023.jpg;9
1025.jpg;9
1027.jpg;8
1030.jpg;8
1022.jpg;9
1029.jpg;8
1024.jpg;9
1026.jpg;9
1028.jpg;7
1031.jpg;8
1038.jpg;7
1032.jpg;8
1037.jpg;7
1039.jpg;8
1034.jpg;8
1036.jpg;8
1035.jpg;7
1033.jpg;8
1040.jpg;9
1041.jpg;9
1044.jpg;9
1043.jpg;8
1048.jpg;9
1046.jpg;9
1049.jpg;9
1045.jpg;8
1047.jpg;9
1042.jpg;9
1050.jpg;8
1051.jpg;9
1056.jpg;7
1052.jpg;8
1054.jpg;8
1059.jpg;8
1053.jpg;9
1060.jpg;9
1057.jpg;9
1058.jpg;10
1055.jpg;8
1061.jpg;8
1064.jpg;9
1066.jpg;7
1063.jpg;9
1065.jpg;9
1062.jpg;9
1069.jpg;5
1067.jpg;4
1068.jpg;5
1070.jpg;3
1071.jpg;3
1077.jpg;3
1072.jpg;2
1076.jpg;4
1078.jpg;3
1074.jpg;4
1073.jpg;2
1075.jpg;4
1080.jpg;7
1079.jpg;2
1081.jpg;7
1088.jpg;6
1087.jpg;7
1084.jpg;5
1082.jpg;7
1089.jpg;7
1086.jpg;7
1085.jpg;7
1083.jpg;6
1090.jpg;8
1091.jpg;6
1097.jpg;5
1096.jpg;7
1095.jpg;5
1094.jpg;6
1100.jpg;6
1093.jpg;6
1098.jpg;6
1099.jpg;6
1101.jpg;6
1102.jpg;6
1103.jpg;5
1104.jpg;5
1105.jpg;5
1106.jpg;4
1109.jpg;4
1108.jpg;5
1107.jpg;3
1110.jpg;4
1111.jpg;4
1112.jpg;5
1114.jpg;4
1115.jpg;5
1113.jpg;4
1116.jpg;5
1118.jpg;4
1119.jpg;3
1120.jpg;3
1121.jpg;2
1117.jpg;4
1122.jpg;3
1128.jpg;3
1125.jpg;3
1126.jpg;3
1124.jpg;3
1129.jpg;4
1123.jpg;3
1130.jpg;6
1127.jpg;3
1131.jpg;6
1132.jpg;6
1136.jpg;6
1134.jpg;6
1133.jpg;6
1138.jpg;4
1137.jpg;5
1135.jpg;6
1141.jpg;5
1139.jpg;4
1140.jpg;5
1142.jpg;6
1143.jpg;5
1147.jpg;7
1146.jpg;8
1145.jpg;6
1144.jpg;7
1150.jpg;6
1151.jpg;9
1148.jpg;7
1149.jpg;7
1152.jpg;8
1158.jpg;8
1153.jpg;10
1155.jpg;9
1156.jpg;11
1154.jpg;10
1160.jpg;9
1157.jpg;9
1159.jpg;8
1161.jpg;9
1162.jpg;9
1168.jpg;10
1171.jpg;9
1165.jpg;8
1170.jpg;10
1163.jpg;8
1166.jpg;9
1169.jpg;10
1164.jpg;10
1167.jpg;9
1172.jpg;9
1180.jpg;8
1177.jpg;8
1173.jpg;7
1174.jpg;9
1175.jpg;8
1178.jpg;8
1176.jpg;7
1179.jpg;8
1181.jpg;8
1183.jpg;8
1184.jpg;8
1186.jpg;7
1185.jpg;7
1188.jpg;6
1187.jpg;9
1189.jpg;6
1193.jpg;5
1190.jpg;7
1191.jpg;7
1194.jpg;6
1201.jpg;7
1195.jpg;5
1200.jpg;4
1197.jpg;7
1196.jpg;7
1198.jpg;7
1199.jpg;7
1202.jpg;8
1203.jpg;8
1204.jpg;8
1205.jpg;7
1212.jpg;8
1210.jpg;9
1211.jpg;8
1213.jpg;8
1208.jpg;7
1209.jpg;7
1207.jpg;7
1214.jpg;8
1215.jpg;8
1216.jpg;8
1221.jpg;9
1219.jpg;9
1223.jpg;7
1220.jpg;7
1222.jpg;7
1218.jpg;8
1217.jpg;9
1224.jpg;9
1225.jpg;9
1230.jpg;6
1228.jpg;7
1231.jpg;8
1226.jpg;8
1229.jpg;7
1232.jpg;7
1234.jpg;8
1227.jpg;8
1233.jpg;8
1235.jpg;8
1242.jpg;7
1236.jpg;8
1241.jpg;8
1239.jpg;7
1238.jpg;6
1240.jpg;7
1237.jpg;9
1244.jpg;9
1243.jpg;8
1245.jpg;8
1252.jpg;8
1247.jpg;7
1251.jpg;8
1248.jpg;7
1249.jpg;6
1253.jpg;9
1246.jpg;7
1250.jpg;5
1254.jpg;10
1255.jpg;9
1258.jpg;9
1261.jpg;10
1264.jpg;10
1259.jpg;9
1257.jpg;8
1263.jpg;10
1256.jpg;9
1262.jpg;8
1265.jpg;8
1266.jpg;9
1276.jpg;9
1271.jpg;10
1274.jpg;10
1272.jpg;8
1275.jpg;8
1273.jpg;10
1269.jpg;9
1268.jpg;9
1267.jpg;8
1277.jpg;10
1280.jpg;9
1284.jpg;8
1287.jpg;10
1286.jpg;10
1279.jpg;8
1281.jpg;7
1283.jpg;7
1282.jpg;7
1278.jpg;9
1288.jpg;10
1294.jpg;11
1293.jpg;10
1292.jpg;10
1295.jpg;11
1296.jpg;11
1289.jpg;9
1290.jpg;9
1297.jpg;10
1291.jpg;10
1298.jpg;10
1306.jpg;9
1301.jpg;10
1300.jpg;11
1302.jpg;10
1305.jpg;8
1304.jpg;7
1308.jpg;9
1307.jpg;9
1303.jpg;10
1309.jpg;8
1314.jpg;9
1318.jpg;10
1313.jpg;8
1315.jpg;9
1316.jpg;8
1311.jpg;8
1317.jpg;10
1310.jpg;8
1312.jpg;8
1319.jpg;10
1322.jpg;10
1320.jpg;11
1324.jpg;8
1326.jpg;9
1323.jpg;10
1325.jpg;9
1327.jpg;10
1321.jpg;10
1328.jpg;10
1329.jpg;10
1334.jpg;10
1338.jpg;10
1333.jpg;11
1330.jpg;10
1337.jpg;9
1332.jpg;10
1336.jpg;9
1335.jpg;10
1331.jpg;9
1339.jpg;10
1347.jpg;9
1343.jpg;8
1346.jpg;9
1344.jpg;9
1345.jpg;10
1340.jpg;10
1342.jpg;9
1341.jpg;10
1348.jpg;9
1349.jpg;9
1353.jpg;10
1354.jpg;10
1358.jpg;7
1352.jpg;10
1357.jpg;8
1351.jpg;9
1356.jpg;8
1355.jpg;8
1350.jpg;10
1359.jpg;8
1360.jpg;6
1361.jpg;7
1368.jpg;7
1362.jpg;6
1366.jpg;10
1367.jpg;9
1364.jpg;10
1363.jpg;9
1365.jpg;9
1369.jpg;8
1375.jpg;10
1373.jpg;7
1374.jpg;10
1371.jpg;8
1377.jpg;8
1376.jpg;6
1372.jpg;10
1370.jpg;8
1378.jpg;6
1379.jpg;6
1386.jpg;6
1384.jpg;5
1387.jpg;6
1383.jpg;7
1381.jpg;5
1382.jpg;7
1380.jpg;7
1385.jpg;7
1388.jpg;6
1389.jpg;7
1392.jpg;5
1397.jpg;8
1395.jpg;9
1390.jpg;7
1398.jpg;6
1391.jpg;7
1396.jpg;7
1393.jpg;6
1394.jpg;9
1399.jpg;8
1406.jpg;8
1401.jpg;8
1402.jpg;7
1404.jpg;7
1405.jpg;8
1403.jpg;7
1400.jpg;7
1407.jpg;8
1408.jpg;8
1409.jpg;8
1411.jpg;8
1417.jpg;9
1414.jpg;9
1415.jpg;9
1412.jpg;7
1416.jpg;9
1410.jpg;8
1413.jpg;9
1418.jpg;9
1419.jpg;9
1425.jpg;10
1422.jpg;10
1427.jpg;12
1423.jpg;9
1421.jpg;10
1424.jpg;10
1426.jpg;10
1420.jpg;8
1428.jpg;11
1429.jpg;7
1435.jpg;10
1430.jpg;10
1436.jpg;10
1433.jpg;6
1431.jpg;9
1434.jpg;9
1432.jpg;7
1437.jpg;10
1438.jpg;11
1439.jpg;11
1444.jpg;11
1443.jpg;11
1445.jpg;11
1442.jpg;11
1440.jpg;10
1441.jpg;10
1447.jpg;10
1448.jpg;9
1446.jpg;11
1449.jpg;10
1452.jpg;7
1453.jpg;7
1450.jpg;8
1451.jpg;8
1456.jpg;8
1454.jpg;10
1455.jpg;9
1458.jpg;9
1457.jpg;10
1460.jpg;8
1469.jpg;10
1461.jpg;8
1463.jpg;7
1468.jpg;10
1462.jpg;7
1466.jpg;7
1465.jpg;8
1464.jpg;8
1467.jpg;9
1470.jpg;9
1473.jpg;8
1474.jpg;9
1475.jpg;7
1472.jpg;10
1471.jpg;11
1476.jpg;7
1478.jpg;10
1477.jpg;9
1479.jpg;8
1480.jpg;11
1482.jpg;7
1486.jpg;8
1483.jpg;9
1485.jpg;8
1488.jpg;8
1487.jpg;9
1484.jpg;9
1481.jpg;8
1489.jpg;7
1490.jpg;7
1496.jpg;11
1497.jpg;10
1492.jpg;7
1493.jpg;8
1494.jpg;7
1495.jpg;9
1491.jpg;7
1498.jpg;10
1499.jpg;9
1500.jpg;10
1912.jpg;10
1913.jpg;10
1918.jpg;12
1919.jpg;12
1917.jpg;11
1915.jpg;9
1916.jpg;10
1914.jpg;11
1907.jpg;11
1911.jpg;12
1910.jpg;11
1908.jpg;10
1909.jpg;11
1503.jpg;10
1501.jpg;10
1502.jpg;10
1504.jpg;10
1505.jpg;10
1507.jpg;11
1508.jpg;9
1509.jpg;9
1506.jpg;10
1510.jpg;12
1514.jpg;10
1516.jpg;8
1517.jpg;10
1515.jpg;8
1512.jpg;10
1513.jpg;9
1518.jpg;8
1511.jpg;10
1519.jpg;8
1520.jpg;8
1522.jpg;8
1527.jpg;8
1529.jpg;10
1525.jpg;8
1524.jpg;9
1526.jpg;9
1528.jpg;9
1523.jpg;8
1521.jpg;10
1530.jpg;11
1531.jpg;10
1536.jpg;11
1537.jpg;11
1534.jpg;10
1532.jpg;10
1538.jpg;9
1533.jpg;11
1535.jpg;11
1539.jpg;11
1540.jpg;11
1542.jpg;8
1548.jpg;8
1541.jpg;11
1543.jpg;6
1547.jpg;8
1545.jpg;8
1546.jpg;7
1544.jpg;8
1549.jpg;8
1550.jpg;8
1553.jpg;8
1552.jpg;8
1559.jpg;9
1555.jpg;10
1558.jpg;9
1557.jpg;11
1554.jpg;8
1551.jpg;10
1556.jpg;11
1560.jpg;10
1565.jpg;11
1562.jpg;10
1561.jpg;10
1563.jpg;9
1568.jpg;8
1566.jpg;11
1564.jpg;10
1567.jpg;10
1569.jpg;9
1570.jpg;8
1574.jpg;11
1573.jpg;11
1576.jpg;10
1575.jpg;10
1571.jpg;9
1577.jpg;10
1572.jpg;10
1579.jpg;11
1578.jpg;11
1580.jpg;10
1585.jpg;8
1583.jpg;8
1590.jpg;10
1584.jpg;8
1581.jpg;8
1586.jpg;8
1587.jpg;9
1588.jpg;9
1589.jpg;9
1591.jpg;9
1594.jpg;4
1600.jpg;4
1596.jpg;5
1593.jpg;9
1595.jpg;5
1598.jpg;4
1592.jpg;9
1597.jpg;5
1599.jpg;5
1601.jpg;4
1607.jpg;8
1609.jpg;9
1602.jpg;5
1608.jpg;9
1604.jpg;5
1606.jpg;9
1605.jpg;10
1603.jpg;4
1610.jpg;8
1611.jpg;8
1614.jpg;9
1612.jpg;9
1615.jpg;9
1616.jpg;9
1613.jpg;9
1619.jpg;9
1620.jpg;9
1617.jpg;8
1618.jpg;8
1621.jpg;9
1629.jpg;9
1627.jpg;7
1623.jpg;9
1624.jpg;8
1625.jpg;9
1628.jpg;7
1626.jpg;8
1622.jpg;8
1630.jpg;10
1631.jpg;9
1635.jpg;10
1638.jpg;9
1637.jpg;9
1636.jpg;10
1633.jpg;10
1634.jpg;10
1632.jpg;11
1639.jpg;10
1640.jpg;9
1641.jpg;8
1646.jpg;9
1648.jpg;9
1642.jpg;8
1649.jpg;10
1647.jpg;9
1643.jpg;8
1645.jpg;9
1644.jpg;10
1650.jpg;9
1651.jpg;9
1656.jpg;6
1652.jpg;10
1653.jpg;6
1654.jpg;6
1655.jpg;6
1659.jpg;6
1657.jpg;6
1658.jpg;6
1660.jpg;6
1661.jpg;6
1665.jpg;8
1666.jpg;8
1663.jpg;6
1664.jpg;7
1662.jpg;6
1670.jpg;8
1668.jpg;8
1667.jpg;8
1669.jpg;8
1671.jpg;9
1672.jpg;9
1675.jpg;7
1674.jpg;7
1676.jpg;7
1673.jpg;9
1680.jpg;9
1679.jpg;8
1678.jpg;7
1677.jpg;8
1681.jpg;8
1685.jpg;8
1688.jpg;8
1682.jpg;8
1689.jpg;9
1683.jpg;8
1686.jpg;9
1687.jpg;11
1684.jpg;8
1690.jpg;9
1691.jpg;9
1699.jpg;10
1692.jpg;9
1693.jpg;9
1696.jpg;9
1697.jpg;9
1694.jpg;9
1695.jpg;9
1698.jpg;10
1700.jpg;10
1701.jpg;11
1710.jpg;8
1705.jpg;8
1703.jpg;10
1708.jpg;8
1709.jpg;9
1707.jpg;8
1702.jpg;9
1704.jpg;8
1706.jpg;7
1711.jpg;8
1713.jpg;8
1714.jpg;9
1715.jpg;12
1716.jpg;12
1718.jpg;11
1712.jpg;8
1719.jpg;11
1717.jpg;10
1720.jpg;12
1721.jpg;12
1723.jpg;11
1724.jpg;11
1722.jpg;12
1725.jpg;12
1729.jpg;11
1728.jpg;12
1727.jpg;11
1726.jpg;11
1730.jpg;11
1731.jpg;12
1740.jpg;13
1735.jpg;11
1736.jpg;11
1733.jpg;12
1732.jpg;11
1734.jpg;12
1737.jpg;11
1738.jpg;13
1739.jpg;10
1741.jpg;12
1743.jpg;13
1746.jpg;12
1747.jpg;13
1745.jpg;12
1744.jpg;13
1742.jpg;12
1749.jpg;13
1748.jpg;12
1750.jpg;13
1751.jpg;12
1756.jpg;11
1758.jpg;11
1754.jpg;12
1752.jpg;13
1757.jpg;13
1755.jpg;12
1759.jpg;11
1753.jpg;12
1760.jpg;11
1761.jpg;10
1762.jpg;8
1765.jpg;8
1766.jpg;9
1763.jpg;8
1764.jpg;8
1768.jpg;9
1769.jpg;11
1767.jpg;8
1770.jpg;10
1771.jpg;10
1772.jpg;8
1773.jpg;10
1778.jpg;10
1775.jpg;9
1776.jpg;10
1779.jpg;10
1774.jpg;8
1777.jpg;8
1780.jpg;9
1781.jpg;11
1789.jpg;6
1783.jpg;11
1784.jpg;11
1787.jpg;10
1785.jpg;11
1782.jpg;11
1788.jpg;7
1786.jpg;11
1790.jpg;7
1791.jpg;6
1796.jpg;7
1795.jpg;7
1794.jpg;7
1797.jpg;6
1792.jpg;6
1793.jpg;7
1798.jpg;6
1800.jpg;7
1799.jpg;6
1801.jpg;7
1802.jpg;7
1805.jpg;5
1806.jpg;5
1808.jpg;7
1807.jpg;6
1803.jpg;7
1804.jpg;6
1809.jpg;6
1810.jpg;7
1811.jpg;7
1820.jpg;6
1817.jpg;6
1812.jpg;7
1816.jpg;7
1813.jpg;7
1814.jpg;7
1815.jpg;5
1819.jpg;5
1818.jpg;6
1821.jpg;6
1826.jpg;6
1828.jpg;5
1827.jpg;6
1824.jpg;6
1825.jpg;5
1822.jpg;7
1823.jpg;6
1830.jpg;5
1829.jpg;5
1831.jpg;5
1835.jpg;4
1837.jpg;9
1832.jpg;4
1836.jpg;3
1833.jpg;4
1834.jpg;4
1839.jpg;10
1838.jpg;10
1840.jpg;9
1841.jpg;12
1843.jpg;12
1848.jpg;11
1845.jpg;12
1842.jpg;11
1847.jpg;11
1846.jpg;11
1844.jpg;12
1849.jpg;10
1850.jpg;10
1851.jpg;9
1857.jpg;9
1852.jpg;9
1855.jpg;10
1859.jpg;8
1854.jpg;10
1856.jpg;9
1853.jpg;8
1858.jpg;8
1860.jpg;9
1861.jpg;7
1863.jpg;8
1862.jpg;8
1864.jpg;8
1867.jpg;8
1866.jpg;8
1865.jpg;8
1871.jpg;6
1869.jpg;7
1870.jpg;6
1872.jpg;9
1873.jpg;7
1878.jpg;6
1876.jpg;8
1881.jpg;5
1877.jpg;7
1875.jpg;6
1879.jpg;6
1880.jpg;6
1874.jpg;6
1882.jpg;6
1888.jpg;5
1884.jpg;6
1883.jpg;5
1886.jpg;4
1885.jpg;6
1890.jpg;7
1891.jpg;6
1889.jpg;5
1887.jpg;5
1892.jpg;6
1895.jpg;3
1898.jpg;6
1900.jpg;6
1894.jpg;6
1899.jpg;6
1896.jpg;4
1897.jpg;5
1893.jpg;6
1901.jpg;6
1902.jpg;6
1904.jpg;8
1905.jpg;8
1903.jpg;6
