img;Mask_RCNN_persons_60%
0.jpg;13
1.jpg;13
2.jpg;13
8.jpg;13
7.jpg;13
9.jpg;12
6.jpg;12
5.jpg;13
3.jpg;13
4.jpg;14
10.jpg;11
11.jpg;9
12.jpg;10
16.jpg;9
15.jpg;11
17.jpg;10
14.jpg;9
19.jpg;10
18.jpg;9
13.jpg;9
20.jpg;9
21.jpg;11
22.jpg;10
28.jpg;9
23.jpg;10
25.jpg;10
27.jpg;10
26.jpg;11
24.jpg;10
29.jpg;9
30.jpg;9
31.jpg;8
37.jpg;12
33.jpg;9
34.jpg;9
35.jpg;9
32.jpg;10
38.jpg;9
36.jpg;11
39.jpg;11
40.jpg;11
41.jpg;11
49.jpg;14
50.jpg;14
44.jpg;10
42.jpg;11
46.jpg;13
43.jpg;9
47.jpg;15
48.jpg;13
45.jpg;11
51.jpg;13
53.jpg;15
52.jpg;12
55.jpg;15
57.jpg;14
59.jpg;10
60.jpg;13
58.jpg;12
54.jpg;14
56.jpg;14
61.jpg;16
62.jpg;8
63.jpg;9
64.jpg;11
65.jpg;10
73.jpg;9
74.jpg;9
66.jpg;10
69.jpg;11
67.jpg;8
68.jpg;12
72.jpg;9
71.jpg;9
70.jpg;10
75.jpg;8
76.jpg;9
77.jpg;9
87.jpg;8
86.jpg;7
83.jpg;7
80.jpg;9
82.jpg;10
81.jpg;9
79.jpg;9
78.jpg;8
84.jpg;8
89.jpg;10
88.jpg;9
90.jpg;11
98.jpg;9
99.jpg;10
92.jpg;10
94.jpg;10
96.jpg;11
93.jpg;10
95.jpg;10
97.jpg;9
91.jpg;10
102.jpg;12
101.jpg;12
111.jpg;11
103.jpg;9
112.jpg;11
104.jpg;10
108.jpg;12
110.jpg;11
105.jpg;10
106.jpg;11
107.jpg;11
109.jpg;13
115.jpg;6
114.jpg;7
113.jpg;12
120.jpg;6
121.jpg;5
117.jpg;5
118.jpg;5
116.jpg;7
122.jpg;6
119.jpg;4
123.jpg;5
124.jpg;7
125.jpg;6
134.jpg;13
135.jpg;10
131.jpg;11
130.jpg;11
128.jpg;14
133.jpg;13
129.jpg;12
132.jpg;12
127.jpg;12
136.jpg;10
137.jpg;12
138.jpg;11
139.jpg;11
140.jpg;12
148.jpg;13
149.jpg;11
141.jpg;11
146.jpg;11
144.jpg;10
145.jpg;11
142.jpg;12
143.jpg;8
147.jpg;13
150.jpg;13
151.jpg;12
152.jpg;14
153.jpg;9
154.jpg;9
155.jpg;8
156.jpg;8
164.jpg;10
165.jpg;10
157.jpg;8
160.jpg;9
158.jpg;10
162.jpg;10
159.jpg;11
161.jpg;7
163.jpg;10
166.jpg;9
167.jpg;10
168.jpg;10
169.jpg;10
170.jpg;10
179.jpg;8
178.jpg;10
177.jpg;11
173.jpg;10
174.jpg;10
175.jpg;10
176.jpg;10
171.jpg;10
172.jpg;12
180.jpg;8
181.jpg;7
182.jpg;7
183.jpg;8
184.jpg;8
192.jpg;7
193.jpg;7
189.jpg;8
188.jpg;7
185.jpg;9
187.jpg;8
186.jpg;8
191.jpg;7
190.jpg;8
194.jpg;7
195.jpg;8
196.jpg;7
197.jpg;9
198.jpg;8
206.jpg;8
207.jpg;8
203.jpg;9
200.jpg;7
201.jpg;7
202.jpg;10
199.jpg;6
204.jpg;7
208.jpg;7
209.jpg;9
210.jpg;9
211.jpg;9
205.jpg;8
212.jpg;10
213.jpg;11
214.jpg;10
222.jpg;10
223.jpg;9
220.jpg;8
215.jpg;10
217.jpg;10
218.jpg;10
216.jpg;9
219.jpg;9
224.jpg;9
225.jpg;9
221.jpg;10
226.jpg;9
227.jpg;10
228.jpg;8
236.jpg;6
237.jpg;7
233.jpg;6
230.jpg;7
235.jpg;5
229.jpg;7
231.jpg;6
234.jpg;6
232.jpg;7
238.jpg;8
239.jpg;8
240.jpg;8
241.jpg;5
242.jpg;4
251.jpg;4
252.jpg;4
247.jpg;3
248.jpg;3
244.jpg;5
246.jpg;3
245.jpg;5
253.jpg;4
254.jpg;8
250.jpg;3
249.jpg;4
255.jpg;8
256.jpg;8
257.jpg;7
265.jpg;10
266.jpg;9
260.jpg;9
262.jpg;10
259.jpg;6
258.jpg;8
263.jpg;10
261.jpg;9
264.jpg;10
267.jpg;10
268.jpg;10
269.jpg;10
270.jpg;12
271.jpg;9
272.jpg;9
281.jpg;8
280.jpg;9
277.jpg;9
276.jpg;9
273.jpg;11
274.jpg;9
279.jpg;9
278.jpg;9
282.jpg;8
283.jpg;10
284.jpg;9
285.jpg;8
287.jpg;7
295.jpg;7
296.jpg;7
289.jpg;9
293.jpg;9
294.jpg;7
292.jpg;10
291.jpg;7
288.jpg;9
290.jpg;8
297.jpg;7
298.jpg;8
299.jpg;9
300.jpg;8
301.jpg;8
309.jpg;8
310.jpg;9
304.jpg;8
308.jpg;8
307.jpg;8
306.jpg;7
303.jpg;8
302.jpg;8
305.jpg;7
311.jpg;8
312.jpg;5
313.jpg;7
314.jpg;9
315.jpg;5
323.jpg;5
324.jpg;6
322.jpg;6
320.jpg;5
317.jpg;6
316.jpg;6
318.jpg;5
325.jpg;4
326.jpg;5
327.jpg;6
328.jpg;7
319.jpg;5
321.jpg;6
329.jpg;8
330.jpg;7
331.jpg;7
339.jpg;7
340.jpg;8
332.jpg;8
333.jpg;8
336.jpg;6
335.jpg;7
338.jpg;8
337.jpg;7
334.jpg;7
341.jpg;8
342.jpg;8
343.jpg;7
346.jpg;7
350.jpg;8
347.jpg;7
344.jpg;8
345.jpg;7
348.jpg;7
349.jpg;6
351.jpg;7
352.jpg;6
353.jpg;6
355.jpg;5
354.jpg;6
362.jpg;11
356.jpg;6
358.jpg;10
360.jpg;11
359.jpg;9
361.jpg;9
357.jpg;9
365.jpg;12
363.jpg;10
364.jpg;11
371.jpg;9
369.jpg;11
367.jpg;11
366.jpg;11
370.jpg;9
368.jpg;12
372.jpg;9
373.jpg;9
374.jpg;9
375.jpg;9
383.jpg;9
384.jpg;10
382.jpg;8
376.jpg;9
378.jpg;9
379.jpg;10
377.jpg;8
380.jpg;7
381.jpg;9
385.jpg;8
386.jpg;10
387.jpg;10
390.jpg;8
389.jpg;9
391.jpg;11
392.jpg;10
393.jpg;9
388.jpg;10
394.jpg;9
395.jpg;9
396.jpg;9
397.jpg;9
398.jpg;9
399.jpg;9
400.jpg;10
403.jpg;9
401.jpg;8
402.jpg;10
404.jpg;9
405.jpg;10
406.jpg;11
407.jpg;9
408.jpg;10
409.jpg;9
417.jpg;10
418.jpg;8
414.jpg;8
416.jpg;10
411.jpg;9
415.jpg;9
413.jpg;9
412.jpg;9
410.jpg;9
419.jpg;8
421.jpg;8
420.jpg;9
424.jpg;9
422.jpg;9
429.jpg;9
428.jpg;8
425.jpg;8
427.jpg;8
423.jpg;9
431.jpg;8
430.jpg;9
432.jpg;8
440.jpg;9
441.jpg;9
436.jpg;8
437.jpg;8
434.jpg;10
435.jpg;7
438.jpg;9
439.jpg;8
433.jpg;9
442.jpg;8
444.jpg;9
443.jpg;9
450.jpg;8
448.jpg;8
449.jpg;9
445.jpg;8
451.jpg;9
446.jpg;9
447.jpg;9
452.jpg;9
453.jpg;9
454.jpg;9
464.jpg;9
463.jpg;10
459.jpg;8
458.jpg;8
455.jpg;8
460.jpg;8
457.jpg;8
461.jpg;7
462.jpg;8
465.jpg;9
466.jpg;9
467.jpg;9
476.jpg;5
475.jpg;6
473.jpg;5
472.jpg;5
470.jpg;5
469.jpg;6
468.jpg;6
471.jpg;5
474.jpg;5
477.jpg;5
479.jpg;5
478.jpg;5
484.jpg;9
485.jpg;9
482.jpg;10
481.jpg;10
483.jpg;10
486.jpg;9
480.jpg;6
488.jpg;10
489.jpg;10
491.jpg;11
490.jpg;11
499.jpg;9
494.jpg;11
495.jpg;10
497.jpg;8
496.jpg;9
492.jpg;11
493.jpg;10
498.jpg;9
500.jpg;11
501.jpg;12
502.jpg;11
510.jpg;9
511.jpg;9
508.jpg;9
503.jpg;11
509.jpg;9
505.jpg;11
504.jpg;11
507.jpg;9
506.jpg;8
513.jpg;9
514.jpg;9
515.jpg;10
518.jpg;10
520.jpg;11
519.jpg;9
517.jpg;11
516.jpg;8
522.jpg;11
521.jpg;14
523.jpg;11
524.jpg;13
525.jpg;12
534.jpg;8
533.jpg;8
531.jpg;13
530.jpg;13
529.jpg;11
526.jpg;11
528.jpg;11
527.jpg;12
532.jpg;11
535.jpg;11
536.jpg;10
537.jpg;11
543.jpg;11
544.jpg;11
541.jpg;12
539.jpg;11
538.jpg;11
540.jpg;11
542.jpg;13
545.jpg;8
546.jpg;8
547.jpg;9
556.jpg;9
555.jpg;9
552.jpg;9
550.jpg;9
548.jpg;9
553.jpg;8
549.jpg;9
554.jpg;9
551.jpg;8
557.jpg;9
558.jpg;10
559.jpg;11
567.jpg;8
568.jpg;8
563.jpg;9
565.jpg;9
560.jpg;8
562.jpg;8
564.jpg;10
561.jpg;8
566.jpg;9
569.jpg;8
570.jpg;9
571.jpg;7
579.jpg;8
580.jpg;7
578.jpg;8
573.jpg;8
574.jpg;9
575.jpg;8
577.jpg;8
572.jpg;8
576.jpg;8
582.jpg;7
581.jpg;6
583.jpg;7
589.jpg;8
587.jpg;8
590.jpg;7
586.jpg;9
588.jpg;8
585.jpg;7
584.jpg;8
592.jpg;6
591.jpg;7
593.jpg;7
601.jpg;8
602.jpg;7
598.jpg;7
599.jpg;7
595.jpg;6
600.jpg;8
596.jpg;7
597.jpg;7
594.jpg;7
603.jpg;6
604.jpg;8
605.jpg;9
612.jpg;9
609.jpg;11
608.jpg;9
610.jpg;11
613.jpg;11
611.jpg;9
607.jpg;9
614.jpg;8
615.jpg;9
616.jpg;9
626.jpg;9
625.jpg;8
622.jpg;7
618.jpg;6
624.jpg;8
621.jpg;7
617.jpg;8
619.jpg;6
623.jpg;8
627.jpg;8
628.jpg;8
629.jpg;8
632.jpg;10
636.jpg;7
633.jpg;7
635.jpg;6
631.jpg;9
630.jpg;7
634.jpg;7
637.jpg;8
638.jpg;9
639.jpg;10
644.jpg;9
642.jpg;7
640.jpg;9
643.jpg;8
646.jpg;8
641.jpg;8
645.jpg;8
648.jpg;7
647.jpg;9
649.jpg;8
658.jpg;7
657.jpg;7
651.jpg;9
653.jpg;7
654.jpg;9
652.jpg;7
650.jpg;9
656.jpg;7
655.jpg;7
660.jpg;6
659.jpg;7
662.jpg;6
671.jpg;9
670.jpg;8
669.jpg;7
666.jpg;4
663.jpg;6
668.jpg;5
667.jpg;6
665.jpg;8
664.jpg;7
672.jpg;9
673.jpg;7
674.jpg;8
679.jpg;10
675.jpg;8
677.jpg;8
680.jpg;9
678.jpg;9
681.jpg;7
676.jpg;7
682.jpg;8
683.jpg;6
684.jpg;8
693.jpg;8
692.jpg;6
685.jpg;6
686.jpg;6
688.jpg;6
690.jpg;6
687.jpg;6
689.jpg;7
691.jpg;6
694.jpg;6
695.jpg;7
696.jpg;7
704.jpg;7
699.jpg;7
703.jpg;8
698.jpg;7
697.jpg;7
700.jpg;7
701.jpg;7
702.jpg;8
705.jpg;9
706.jpg;9
707.jpg;8
708.jpg;9
714.jpg;9
715.jpg;10
713.jpg;10
710.jpg;10
709.jpg;9
711.jpg;10
712.jpg;9
716.jpg;9
717.jpg;8
718.jpg;8
720.jpg;9
721.jpg;9
724.jpg;10
722.jpg;9
719.jpg;10
725.jpg;9
726.jpg;9
727.jpg;9
723.jpg;10
728.jpg;10
729.jpg;13
737.jpg;8
731.jpg;12
734.jpg;10
730.jpg;11
732.jpg;9
735.jpg;8
733.jpg;10
736.jpg;7
739.jpg;8
740.jpg;8
741.jpg;8
743.jpg;8
745.jpg;10
742.jpg;8
744.jpg;8
746.jpg;8
748.jpg;9
747.jpg;8
749.jpg;7
750.jpg;9
751.jpg;9
759.jpg;8
760.jpg;10
753.jpg;9
756.jpg;8
757.jpg;8
755.jpg;9
752.jpg;8
758.jpg;8
754.jpg;9
761.jpg;8
762.jpg;9
763.jpg;9
773.jpg;8
771.jpg;9
768.jpg;8
770.jpg;7
767.jpg;8
765.jpg;9
766.jpg;9
764.jpg;9
769.jpg;7
774.jpg;9
776.jpg;7
775.jpg;7
782.jpg;8
779.jpg;7
780.jpg;6
778.jpg;8
781.jpg;7
777.jpg;8
783.jpg;7
784.jpg;7
785.jpg;8
786.jpg;7
794.jpg;7
795.jpg;8
791.jpg;8
793.jpg;8
789.jpg;7
788.jpg;7
792.jpg;8
790.jpg;7
787.jpg;6
796.jpg;8
797.jpg;9
798.jpg;8
807.jpg;6
806.jpg;5
799.jpg;9
805.jpg;6
802.jpg;6
803.jpg;8
800.jpg;8
801.jpg;7
804.jpg;7
808.jpg;6
811.jpg;5
809.jpg;6
814.jpg;5
818.jpg;5
813.jpg;6
812.jpg;6
816.jpg;6
815.jpg;6
817.jpg;6
819.jpg;5
820.jpg;4
821.jpg;7
829.jpg;6
830.jpg;7
826.jpg;5
828.jpg;6
822.jpg;6
823.jpg;5
824.jpg;7
827.jpg;6
825.jpg;6
831.jpg;6
832.jpg;6
833.jpg;9
842.jpg;9
841.jpg;6
838.jpg;6
839.jpg;8
836.jpg;6
837.jpg;8
835.jpg;8
834.jpg;5
840.jpg;7
843.jpg;10
845.jpg;8
844.jpg;7
846.jpg;9
852.jpg;8
850.jpg;5
848.jpg;7
851.jpg;7
847.jpg;7
849.jpg;7
855.jpg;7
854.jpg;6
853.jpg;7
857.jpg;8
858.jpg;6
860.jpg;8
856.jpg;7
862.jpg;6
859.jpg;6
861.jpg;6
864.jpg;8
863.jpg;8
865.jpg;7
872.jpg;7
870.jpg;5
867.jpg;7
871.jpg;5
869.jpg;9
866.jpg;7
868.jpg;7
874.jpg;7
873.jpg;8
875.jpg;8
883.jpg;10
884.jpg;9
877.jpg;9
880.jpg;9
879.jpg;11
878.jpg;9
882.jpg;10
881.jpg;9
876.jpg;10
885.jpg;8
886.jpg;8
887.jpg;7
890.jpg;9
893.jpg;7
892.jpg;8
894.jpg;9
889.jpg;9
888.jpg;9
891.jpg;8
895.jpg;7
897.jpg;9
896.jpg;9
902.jpg;9
904.jpg;10
901.jpg;9
903.jpg;8
899.jpg;9
898.jpg;7
900.jpg;8
906.jpg;10
905.jpg;9
907.jpg;7
914.jpg;8
909.jpg;8
910.jpg;8
912.jpg;8
908.jpg;7
911.jpg;8
915.jpg;8
919.jpg;9
918.jpg;7
917.jpg;8
916.jpg;7
920.jpg;10
921.jpg;10
929.jpg;9
928.jpg;9
924.jpg;9
930.jpg;9
927.jpg;9
925.jpg;9
926.jpg;8
923.jpg;9
922.jpg;8
931.jpg;10
935.jpg;10
939.jpg;9
938.jpg;10
933.jpg;9
937.jpg;10
934.jpg;10
936.jpg;11
932.jpg;10
940.jpg;9
941.jpg;8
945.jpg;6
943.jpg;7
944.jpg;5
948.jpg;6
946.jpg;7
947.jpg;6
942.jpg;7
950.jpg;6
949.jpg;6
951.jpg;6
957.jpg;7
960.jpg;8
959.jpg;8
953.jpg;7
958.jpg;8
955.jpg;8
956.jpg;6
954.jpg;9
952.jpg;6
961.jpg;8
964.jpg;9
962.jpg;8
966.jpg;8
963.jpg;9
968.jpg;8
969.jpg;9
965.jpg;8
967.jpg;9
970.jpg;10
971.jpg;10
975.jpg;9
977.jpg;9
974.jpg;10
973.jpg;11
972.jpg;10
976.jpg;11
978.jpg;9
980.jpg;9
979.jpg;9
981.jpg;8
987.jpg;8
983.jpg;7
986.jpg;7
985.jpg;9
984.jpg;8
988.jpg;8
989.jpg;9
982.jpg;8
990.jpg;8
991.jpg;10
997.jpg;9
995.jpg;8
996.jpg;8
993.jpg;9
994.jpg;9
992.jpg;9
998.jpg;9
999.jpg;8
1000.jpg;8
1001.jpg;7
1007.jpg;8
1005.jpg;8
1002.jpg;6
1004.jpg;8
1008.jpg;7
1010.jpg;7
1006.jpg;7
1003.jpg;7
1009.jpg;7
1011.jpg;7
1019.jpg;9
1020.jpg;9
1013.jpg;7
1017.jpg;9
1012.jpg;8
1018.jpg;8
1014.jpg;8
1015.jpg;6
1016.jpg;8
1021.jpg;9
1023.jpg;9
1025.jpg;9
1027.jpg;10
1030.jpg;8
1022.jpg;9
1029.jpg;9
1024.jpg;9
1026.jpg;10
1028.jpg;9
1031.jpg;8
1038.jpg;8
1032.jpg;9
1037.jpg;8
1039.jpg;8
1034.jpg;8
1036.jpg;9
1035.jpg;8
1033.jpg;8
1040.jpg;9
1041.jpg;9
1044.jpg;10
1043.jpg;8
1048.jpg;9
1046.jpg;10
1049.jpg;9
1045.jpg;9
1047.jpg;9
1042.jpg;9
1050.jpg;8
1051.jpg;10
1056.jpg;10
1052.jpg;9
1054.jpg;10
1059.jpg;9
1053.jpg;10
1060.jpg;11
1057.jpg;9
1058.jpg;10
1055.jpg;10
1061.jpg;8
1064.jpg;9
1066.jpg;7
1063.jpg;10
1065.jpg;9
1062.jpg;9
1069.jpg;6
1067.jpg;4
1068.jpg;5
1070.jpg;3
1071.jpg;4
1077.jpg;3
1072.jpg;7
1076.jpg;4
1078.jpg;5
1074.jpg;5
1073.jpg;4
1075.jpg;6
1080.jpg;7
1079.jpg;4
1081.jpg;7
1088.jpg;8
1087.jpg;7
1084.jpg;6
1082.jpg;7
1089.jpg;8
1086.jpg;8
1085.jpg;7
1083.jpg;6
1090.jpg;8
1091.jpg;8
1097.jpg;6
1096.jpg;9
1095.jpg;7
1094.jpg;6
1100.jpg;7
1093.jpg;6
1098.jpg;7
1099.jpg;7
1101.jpg;6
1102.jpg;7
1103.jpg;7
1104.jpg;7
1105.jpg;6
1106.jpg;4
1109.jpg;4
1108.jpg;6
1107.jpg;5
1110.jpg;4
1111.jpg;4
1112.jpg;5
1114.jpg;5
1115.jpg;6
1113.jpg;4
1116.jpg;5
1118.jpg;4
1119.jpg;3
1120.jpg;3
1121.jpg;2
1117.jpg;5
1122.jpg;3
1128.jpg;3
1125.jpg;3
1126.jpg;3
1124.jpg;3
1129.jpg;4
1123.jpg;3
1130.jpg;7
1127.jpg;3
1131.jpg;7
1132.jpg;6
1136.jpg;6
1134.jpg;6
1133.jpg;6
1138.jpg;6
1137.jpg;5
1135.jpg;6
1141.jpg;5
1139.jpg;4
1140.jpg;6
1142.jpg;6
1143.jpg;6
1147.jpg;8
1146.jpg;8
1145.jpg;7
1144.jpg;9
1150.jpg;7
1151.jpg;11
1148.jpg;9
1149.jpg;7
1152.jpg;9
1158.jpg;9
1153.jpg;11
1155.jpg;10
1156.jpg;11
1154.jpg;10
1160.jpg;10
1157.jpg;10
1159.jpg;8
1161.jpg;10
1162.jpg;10
1168.jpg;10
1171.jpg;9
1165.jpg;10
1170.jpg;10
1163.jpg;9
1166.jpg;10
1169.jpg;10
1164.jpg;10
1167.jpg;10
1172.jpg;11
1180.jpg;8
1177.jpg;8
1173.jpg;7
1174.jpg;10
1175.jpg;8
1178.jpg;8
1176.jpg;8
1179.jpg;9
1181.jpg;8
1183.jpg;9
1184.jpg;9
1186.jpg;7
1185.jpg;7
1188.jpg;7
1187.jpg;9
1189.jpg;7
1193.jpg;7
1190.jpg;7
1191.jpg;7
1194.jpg;7
1201.jpg;9
1195.jpg;8
1200.jpg;9
1197.jpg;7
1196.jpg;7
1198.jpg;7
1199.jpg;8
1202.jpg;9
1203.jpg;9
1204.jpg;9
1205.jpg;9
1212.jpg;9
1210.jpg;10
1211.jpg;8
1213.jpg;8
1208.jpg;9
1209.jpg;7
1207.jpg;9
1214.jpg;9
1215.jpg;8
1216.jpg;8
1221.jpg;9
1219.jpg;9
1223.jpg;8
1220.jpg;9
1222.jpg;8
1218.jpg;8
1217.jpg;9
1224.jpg;9
1225.jpg;9
1230.jpg;11
1228.jpg;10
1231.jpg;10
1226.jpg;10
1229.jpg;10
1232.jpg;10
1234.jpg;8
1227.jpg;11
1233.jpg;8
1235.jpg;9
1242.jpg;7
1236.jpg;9
1241.jpg;8
1239.jpg;8
1238.jpg;6
1240.jpg;7
1237.jpg;11
1244.jpg;9
1243.jpg;9
1245.jpg;8
1252.jpg;9
1247.jpg;7
1251.jpg;8
1248.jpg;7
1249.jpg;6
1253.jpg;10
1246.jpg;7
1250.jpg;6
1254.jpg;10
1255.jpg;9
1258.jpg;9
1261.jpg;10
1264.jpg;10
1259.jpg;9
1257.jpg;10
1263.jpg;10
1256.jpg;9
1262.jpg;10
1265.jpg;10
1266.jpg;9
1276.jpg;10
1271.jpg;10
1274.jpg;10
1272.jpg;10
1275.jpg;10
1273.jpg;10
1269.jpg;9
1268.jpg;9
1267.jpg;10
1277.jpg;10
1280.jpg;9
1284.jpg;10
1287.jpg;11
1286.jpg;10
1279.jpg;8
1281.jpg;8
1283.jpg;9
1282.jpg;8
1278.jpg;9
1288.jpg;11
1294.jpg;11
1293.jpg;10
1292.jpg;10
1295.jpg;11
1296.jpg;11
1289.jpg;11
1290.jpg;10
1297.jpg;10
1291.jpg;11
1298.jpg;11
1306.jpg;9
1301.jpg;10
1300.jpg;11
1302.jpg;10
1305.jpg;9
1304.jpg;11
1308.jpg;9
1307.jpg;9
1303.jpg;10
1309.jpg;8
1314.jpg;10
1318.jpg;11
1313.jpg;9
1315.jpg;10
1316.jpg;8
1311.jpg;9
1317.jpg;10
1310.jpg;8
1312.jpg;8
1319.jpg;10
1322.jpg;11
1320.jpg;11
1324.jpg;9
1326.jpg;9
1323.jpg;10
1325.jpg;9
1327.jpg;11
1321.jpg;10
1328.jpg;10
1329.jpg;10
1334.jpg;12
1338.jpg;10
1333.jpg;11
1330.jpg;10
1337.jpg;11
1332.jpg;12
1336.jpg;12
1335.jpg;11
1331.jpg;10
1339.jpg;11
1347.jpg;11
1343.jpg;12
1346.jpg;10
1344.jpg;11
1345.jpg;10
1340.jpg;11
1342.jpg;11
1341.jpg;11
1348.jpg;10
1349.jpg;12
1353.jpg;11
1354.jpg;12
1358.jpg;8
1352.jpg;11
1357.jpg;11
1351.jpg;11
1356.jpg;9
1355.jpg;10
1350.jpg;12
1359.jpg;8
1360.jpg;8
1361.jpg;9
1368.jpg;9
1362.jpg;8
1366.jpg;10
1367.jpg;9
1364.jpg;10
1363.jpg;10
1365.jpg;9
1369.jpg;9
1375.jpg;10
1373.jpg;9
1374.jpg;10
1371.jpg;9
1377.jpg;8
1376.jpg;9
1372.jpg;10
1370.jpg;9
1378.jpg;8
1379.jpg;6
1386.jpg;7
1384.jpg;8
1387.jpg;8
1383.jpg;8
1381.jpg;6
1382.jpg;7
1380.jpg;7
1385.jpg;7
1388.jpg;6
1389.jpg;7
1392.jpg;6
1397.jpg;9
1395.jpg;10
1390.jpg;7
1398.jpg;8
1391.jpg;7
1396.jpg;7
1393.jpg;7
1394.jpg;10
1399.jpg;8
1406.jpg;8
1401.jpg;8
1402.jpg;8
1404.jpg;8
1405.jpg;8
1403.jpg;8
1400.jpg;8
1407.jpg;8
1408.jpg;9
1409.jpg;8
1411.jpg;9
1417.jpg;11
1414.jpg;10
1415.jpg;10
1412.jpg;8
1416.jpg;10
1410.jpg;8
1413.jpg;9
1418.jpg;9
1419.jpg;10
1425.jpg;11
1422.jpg;10
1427.jpg;12
1423.jpg;10
1421.jpg;10
1424.jpg;13
1426.jpg;11
1420.jpg;9
1428.jpg;11
1429.jpg;9
1435.jpg;10
1430.jpg;10
1436.jpg;13
1433.jpg;7
1431.jpg;9
1434.jpg;9
1432.jpg;9
1437.jpg;11
1438.jpg;11
1439.jpg;11
1444.jpg;11
1443.jpg;12
1445.jpg;13
1442.jpg;13
1440.jpg;11
1441.jpg;11
1447.jpg;10
1448.jpg;11
1446.jpg;12
1449.jpg;12
1452.jpg;11
1453.jpg;8
1450.jpg;8
1451.jpg;10
1456.jpg;10
1454.jpg;10
1455.jpg;11
1458.jpg;9
1457.jpg;11
1460.jpg;9
1469.jpg;10
1461.jpg;8
1463.jpg;8
1468.jpg;10
1462.jpg;7
1466.jpg;7
1465.jpg;9
1464.jpg;9
1467.jpg;10
1470.jpg;10
1473.jpg;8
1474.jpg;9
1475.jpg;7
1472.jpg;11
1471.jpg;11
1476.jpg;9
1478.jpg;12
1477.jpg;9
1479.jpg;10
1480.jpg;12
1482.jpg;7
1486.jpg;9
1483.jpg;10
1485.jpg;9
1488.jpg;9
1487.jpg;9
1484.jpg;11
1481.jpg;9
1489.jpg;9
1490.jpg;8
1496.jpg;11
1497.jpg;10
1492.jpg;7
1493.jpg;9
1494.jpg;8
1495.jpg;11
1491.jpg;7
1498.jpg;11
1499.jpg;11
1500.jpg;12
1912.jpg;11
1913.jpg;12
1918.jpg;12
1919.jpg;12
1917.jpg;12
1915.jpg;12
1916.jpg;11
1914.jpg;11
1907.jpg;13
1911.jpg;13
1910.jpg;14
1908.jpg;15
1909.jpg;12
1503.jpg;12
1501.jpg;11
1502.jpg;11
1504.jpg;12
1505.jpg;12
1507.jpg;12
1508.jpg;11
1509.jpg;10
1506.jpg;10
1510.jpg;12
1514.jpg;10
1516.jpg;10
1517.jpg;12
1515.jpg;10
1512.jpg;10
1513.jpg;9
1518.jpg;9
1511.jpg;10
1519.jpg;9
1520.jpg;8
1522.jpg;10
1527.jpg;11
1529.jpg;10
1525.jpg;11
1524.jpg;11
1526.jpg;11
1528.jpg;14
1523.jpg;11
1521.jpg;11
1530.jpg;11
1531.jpg;10
1536.jpg;11
1537.jpg;11
1534.jpg;11
1532.jpg;11
1538.jpg;11
1533.jpg;12
1535.jpg;11
1539.jpg;11
1540.jpg;11
1542.jpg;8
1548.jpg;9
1541.jpg;11
1543.jpg;8
1547.jpg;8
1545.jpg;9
1546.jpg;8
1544.jpg;9
1549.jpg;8
1550.jpg;9
1553.jpg;8
1552.jpg;9
1559.jpg;11
1555.jpg;10
1558.jpg;10
1557.jpg;11
1554.jpg;8
1551.jpg;11
1556.jpg;11
1560.jpg;10
1565.jpg;11
1562.jpg;10
1561.jpg;10
1563.jpg;11
1568.jpg;9
1566.jpg;12
1564.jpg;11
1567.jpg;11
1569.jpg;9
1570.jpg;10
1574.jpg;11
1573.jpg;11
1576.jpg;11
1575.jpg;11
1571.jpg;10
1577.jpg;12
1572.jpg;10
1579.jpg;11
1578.jpg;13
1580.jpg;11
1585.jpg;9
1583.jpg;9
1590.jpg;10
1584.jpg;10
1581.jpg;9
1586.jpg;9
1587.jpg;11
1588.jpg;9
1589.jpg;9
1591.jpg;10
1594.jpg;4
1600.jpg;5
1596.jpg;5
1593.jpg;10
1595.jpg;5
1598.jpg;4
1592.jpg;10
1597.jpg;6
1599.jpg;6
1601.jpg;4
1607.jpg;9
1609.jpg;9
1602.jpg;5
1608.jpg;11
1604.jpg;5
1606.jpg;10
1605.jpg;10
1603.jpg;4
1610.jpg;9
1611.jpg;10
1614.jpg;9
1612.jpg;9
1615.jpg;10
1616.jpg;10
1613.jpg;9
1619.jpg;10
1620.jpg;9
1617.jpg;9
1618.jpg;9
1621.jpg;11
1629.jpg;10
1627.jpg;8
1623.jpg;9
1624.jpg;8
1625.jpg;10
1628.jpg;10
1626.jpg;9
1622.jpg;9
1630.jpg;13
1631.jpg;11
1635.jpg;10
1638.jpg;9
1637.jpg;10
1636.jpg;11
1633.jpg;12
1634.jpg;11
1632.jpg;12
1639.jpg;11
1640.jpg;10
1641.jpg;10
1646.jpg;10
1648.jpg;10
1642.jpg;12
1649.jpg;10
1647.jpg;11
1643.jpg;11
1645.jpg;10
1644.jpg;10
1650.jpg;9
1651.jpg;10
1656.jpg;6
1652.jpg;10
1653.jpg;6
1654.jpg;6
1655.jpg;6
1659.jpg;6
1657.jpg;6
1658.jpg;6
1660.jpg;6
1661.jpg;6
1665.jpg;8
1666.jpg;8
1663.jpg;7
1664.jpg;8
1662.jpg;6
1670.jpg;9
1668.jpg;8
1667.jpg;9
1669.jpg;9
1671.jpg;9
1672.jpg;9
1675.jpg;7
1674.jpg;8
1676.jpg;7
1673.jpg;9
1680.jpg;9
1679.jpg;9
1678.jpg;9
1677.jpg;10
1681.jpg;8
1685.jpg;9
1688.jpg;10
1682.jpg;10
1689.jpg;10
1683.jpg;10
1686.jpg;10
1687.jpg;12
1684.jpg;9
1690.jpg;9
1691.jpg;9
1699.jpg;10
1692.jpg;10
1693.jpg;9
1696.jpg;11
1697.jpg;12
1694.jpg;9
1695.jpg;9
1698.jpg;10
1700.jpg;10
1701.jpg;12
1710.jpg;8
1705.jpg;8
1703.jpg;10
1708.jpg;9
1709.jpg;9
1707.jpg;10
1702.jpg;9
1704.jpg;12
1706.jpg;8
1711.jpg;8
1713.jpg;10
1714.jpg;9
1715.jpg;13
1716.jpg;13
1718.jpg;12
1712.jpg;9
1719.jpg;13
1717.jpg;12
1720.jpg;13
1721.jpg;12
1723.jpg;14
1724.jpg;12
1722.jpg;12
1725.jpg;12
1729.jpg;14
1728.jpg;14
1727.jpg;12
1726.jpg;12
1730.jpg;14
1731.jpg;14
1740.jpg;13
1735.jpg;13
1736.jpg;11
1733.jpg;13
1732.jpg;13
1734.jpg;14
1737.jpg;13
1738.jpg;14
1739.jpg;12
1741.jpg;14
1743.jpg;13
1746.jpg;13
1747.jpg;14
1745.jpg;13
1744.jpg;13
1742.jpg;13
1749.jpg;14
1748.jpg;13
1750.jpg;13
1751.jpg;12
1756.jpg;12
1758.jpg;14
1754.jpg;12
1752.jpg;13
1757.jpg;14
1755.jpg;14
1759.jpg;13
1753.jpg;14
1760.jpg;13
1761.jpg;13
1762.jpg;10
1765.jpg;8
1766.jpg;9
1763.jpg;8
1764.jpg;8
1768.jpg;9
1769.jpg;11
1767.jpg;9
1770.jpg;11
1771.jpg;10
1772.jpg;9
1773.jpg;12
1778.jpg;10
1775.jpg;11
1776.jpg;11
1779.jpg;11
1774.jpg;11
1777.jpg;11
1780.jpg;11
1781.jpg;11
1789.jpg;6
1783.jpg;11
1784.jpg;11
1787.jpg;13
1785.jpg;12
1782.jpg;12
1788.jpg;7
1786.jpg;12
1790.jpg;7
1791.jpg;6
1796.jpg;7
1795.jpg;7
1794.jpg;7
1797.jpg;6
1792.jpg;6
1793.jpg;7
1798.jpg;6
1800.jpg;7
1799.jpg;6
1801.jpg;7
1802.jpg;8
1805.jpg;5
1806.jpg;5
1808.jpg;7
1807.jpg;6
1803.jpg;7
1804.jpg;7
1809.jpg;7
1810.jpg;7
1811.jpg;7
1820.jpg;6
1817.jpg;7
1812.jpg;7
1816.jpg;8
1813.jpg;7
1814.jpg;8
1815.jpg;6
1819.jpg;5
1818.jpg;6
1821.jpg;7
1826.jpg;6
1828.jpg;5
1827.jpg;6
1824.jpg;6
1825.jpg;6
1822.jpg;7
1823.jpg;8
1830.jpg;5
1829.jpg;5
1831.jpg;5
1835.jpg;4
1837.jpg;9
1832.jpg;4
1836.jpg;3
1833.jpg;4
1834.jpg;4
1839.jpg;12
1838.jpg;11
1840.jpg;10
1841.jpg;12
1843.jpg;13
1848.jpg;14
1845.jpg;13
1842.jpg;13
1847.jpg;13
1846.jpg;11
1844.jpg;13
1849.jpg;13
1850.jpg;11
1851.jpg;11
1857.jpg;10
1852.jpg;13
1855.jpg;13
1859.jpg;11
1854.jpg;10
1856.jpg;11
1853.jpg;11
1858.jpg;12
1860.jpg;11
1861.jpg;9
1863.jpg;8
1862.jpg;9
1864.jpg;9
1867.jpg;8
1866.jpg;9
1865.jpg;9
1871.jpg;9
1869.jpg;7
1870.jpg;7
1872.jpg;9
1873.jpg;8
1878.jpg;7
1876.jpg;8
1881.jpg;6
1877.jpg;8
1875.jpg;8
1879.jpg;6
1880.jpg;6
1874.jpg;7
1882.jpg;7
1888.jpg;5
1884.jpg;6
1883.jpg;6
1886.jpg;5
1885.jpg;6
1890.jpg;8
1891.jpg;6
1889.jpg;6
1887.jpg;5
1892.jpg;6
1895.jpg;5
1898.jpg;7
1900.jpg;6
1894.jpg;8
1899.jpg;6
1896.jpg;6
1897.jpg;8
1893.jpg;6
1901.jpg;6
1902.jpg;6
1904.jpg;8
1905.jpg;9
1903.jpg;6
