Picture;People
0.jpg;13
1.jpg;13
2.jpg;13
3.jpg;13
4.jpg;13
5.jpg;13
6.jpg;13
7.jpg;13
8.jpg;13
9.jpg;13
10.jpg;13
11.jpg;13
12.jpg;13
13.jpg;13
14.jpg;13
15.jpg;13
16.jpg;13
17.jpg;13
18.jpg;13
19.jpg;13
20.jpg;13
21.jpg;13
22.jpg;13
23.jpg;13
24.jpg;13
25.jpg;13
26.jpg;13
27.jpg;13
28.jpg;13
29.jpg;13
30.jpg;13
31.jpg;13
32.jpg;13
33.jpg;13
34.jpg;13
35.jpg;13
36.jpg;13
37.jpg;13
38.jpg;13
39.jpg;13
40.jpg;13
41.jpg;13
42.jpg;13
43.jpg;13
44.jpg;13
45.jpg;13
46.jpg;13
47.jpg;13
48.jpg;13
49.jpg;13
50.jpg;13
51.jpg;13
52.jpg;13
53.jpg;13
54.jpg;13
55.jpg;13
56.jpg;13
57.jpg;13
58.jpg;13
59.jpg;13
60.jpg;13
61.jpg;13
62.jpg;13
63.jpg;13
64.jpg;13
65.jpg;13
66.jpg;13
67.jpg;13
68.jpg;13
69.jpg;13
70.jpg;13
71.jpg;13
72.jpg;13
73.jpg;13
74.jpg;13
75.jpg;13
76.jpg;13
77.jpg;13
78.jpg;13
79.jpg;13
80.jpg;13
81.jpg;13
82.jpg;13
83.jpg;13
84.jpg;13
86.jpg;13
87.jpg;13
88.jpg;13
89.jpg;13
90.jpg;13
91.jpg;13
92.jpg;13
93.jpg;13
94.jpg;13
95.jpg;13
96.jpg;13
97.jpg;13
98.jpg;13
99.jpg;13
101.jpg;13
102.jpg;13
103.jpg;13
104.jpg;13
105.jpg;13
106.jpg;13
107.jpg;13
108.jpg;13
109.jpg;13
110.jpg;13
